{"Mean":{"confidence_interval":{"confidence_level":0.95,"lower_bound":-0.07011773400087634,"upper_bound":-0.027033866942300436},"point_estimate":-0.048215483793750846,"standard_error":0.01101358224473857},"Median":{"confidence_interval":{"confidence_level":0.95,"lower_bound":-0.07709448224632098,"upper_bound":-0.02264129722639585},"point_estimate":-0.05228770512753178,"standard_error":0.013527140248073194}}