{"Mean":{"confidence_interval":{"confidence_level":0.95,"lower_bound":-0.07967679379361334,"upper_bound":0.020992566193537097},"point_estimate":-0.03225349948854461,"standard_error":0.02559957478960826},"Median":{"confidence_interval":{"confidence_level":0.95,"lower_bound":-0.11059372866561035,"upper_bound":0.045989056440424836},"point_estimate":-0.05410788609099715,"standard_error":0.04333215345748502}}