{"Mean":{"confidence_interval":{"confidence_level":0.95,"lower_bound":50357.16568215105,"upper_bound":51802.79419829299},"point_estimate":51041.4537463597,"standard_error":369.23212234749076},"Median":{"confidence_interval":{"confidence_level":0.95,"lower_bound":50201.1835733963,"upper_bound":51579.97447199265},"point_estimate":50897.76157024794,"standard_error":314.27923777069174},"MedianAbsDev":{"confidence_interval":{"confidence_level":0.95,"lower_bound":155.63760971621863,"upper_bound":1986.1327887886846},"point_estimate":772.730000117386,"standard_error":494.0096379733101},"Slope":{"confidence_interval":{"confidence_level":0.95,"lower_bound":49831.79211323962,"upper_bound":51267.45641539361},"point_estimate":50465.82183821688,"standard_error":376.39429492912615},"StdDev":{"confidence_interval":{"confidence_level":0.95,"lower_bound":511.6172660087192,"upper_bound":1683.0218504208779},"point_estimate":1229.8410907856605,"standard_error":309.8886524503635}}