{"Mean":{"confidence_interval":{"confidence_level":0.95,"lower_bound":0.027494659416868128,"upper_bound":0.11169604410364833},"point_estimate":0.07556768862246455,"standard_error":0.022318641320253053},"Median":{"confidence_interval":{"confidence_level":0.95,"lower_bound":0.06874276167317994,"upper_bound":0.11647613777068067},"point_estimate":0.0966438361898605,"standard_error":0.011901735852748676}}