{"Mean":{"confidence_interval":{"confidence_level":0.95,"lower_bound":45349.58697444956,"upper_bound":46577.142472608975},"point_estimate":45915.95518246864,"standard_error":315.4803440299951},"Median":{"confidence_interval":{"confidence_level":0.95,"lower_bound":45095.22492955412,"upper_bound":46653.28754351069},"point_estimate":45493.914138902706,"standard_error":406.49673647657977},"MedianAbsDev":{"confidence_interval":{"confidence_level":0.95,"lower_bound":57.6730386288396,"upper_bound":1718.8869791554591},"point_estimate":634.6699697534148,"standard_error":411.58962481557285},"Slope":{"confidence_interval":{"confidence_level":0.95,"lower_bound":45148.329321683435,"upper_bound":45654.227755541244},"point_estimate":45314.18232836283,"standard_error":132.42355761573455},"StdDev":{"confidence_interval":{"confidence_level":0.95,"lower_bound":312.1213135169123,"upper_bound":1316.4939005701017},"point_estimate":1053.8876914000277,"standard_error":233.1173129222737}}