{"Mean":{"confidence_interval":{"confidence_level":0.95,"lower_bound":51520.847420048936,"upper_bound":55595.88004949185},"point_estimate":53527.848674889145,"standard_error":1047.7483153119297},"Median":{"confidence_interval":{"confidence_level":0.95,"lower_bound":50260.35078263438,"upper_bound":56812.4201614491},"point_estimate":53105.73198464265,"standard_error":2024.7541328396758},"MedianAbsDev":{"confidence_interval":{"confidence_level":0.95,"lower_bound":760.8936688501699,"upper_bound":5517.319708633939},"point_estimate":4550.050619259829,"standard_error":1370.9385480023418},"Slope":{"confidence_interval":{"confidence_level":0.95,"lower_bound":51053.039634709094,"upper_bound":56914.45366482307},"point_estimate":54531.88701528832,"standard_error":1495.356375258036},"StdDev":{"confidence_interval":{"confidence_level":0.95,"lower_bound":2284.8949845070815,"upper_bound":4114.094569321891},"point_estimate":3499.0104375718797,"standard_error":468.459920818036}}